{"stat.beaconInteraction":9,"stat.pickup.minecraft.rotten_flesh":2,"stat.pickup.mist.clay":63,"stat.walkOneCm":8348,"stat.useItem.enderstorage.ender_storage":1,"stat.leaveGame":2,"stat.damageTaken":20,"stat.pickup.galacticraftcore.oxygen_mask":1,"stat.pickup.minecraft.tnt_minecart":2,"stat.useItem.mist.clay":1,"stat.mobKills":6,"stat.aviateOneCm":11512,"stat.pickup.minecraft.dye":1,"stat.pickup.minecraft.reeds":2,"stat.flyOneCm":158472,"stat.useItem.minecraft.ender_pearl":17,"stat.deaths":1,"stat.swimOneCm":351,"stat.jump":179,"stat.playOneMinute":115248,"stat.pickup.galacticraftcore.infinite_oxygen":1,"stat.fallOneCm":2945,"stat.pickup.astralsorcery.itemtunedrockcrystal":3,"stat.sneakTime":163,"stat.pickup.galacticraftcore.oxygen_tank_light_full":1,"stat.pickup.minecraft.cooked_porkchop":1,"stat.damageDealt":911,"stat.crouchOneCm":41,"stat.killEntity.Zombie":5,"stat.timeSinceDeath":74378,"stat.craftItem.minecraft.iron_ingot":9,"stat.sprintOneCm":13949,"stat.useItem.minecraft.stone_slab2":174,"stat.pickup.minecraft.cooked_beef":1,"stat.pickup.minecraft.cooked_mutton":1}