{
  "galacticraftcore:galacticraft/oxygen_gear": {
    "criteria": {
      "small_tank": "2021-10-27 12:38:50 +0300"
    },
    "done": false
  },
  "minecraft:recipes/transportation/dark_oak_boat": {
    "criteria": {
      "entered_water": "2021-10-27 12:28:27 +0300"
    },
    "done": true
  },
  "minecraft:recipes/transportation/birch_boat": {
    "criteria": {
      "entered_water": "2021-10-27 12:28:27 +0300"
    },
    "done": true
  },
  "galacticraftcore:galacticraft/fill_all_tanks": {
    "criteria": {
      "small_tank": "2021-10-27 12:38:50 +0300"
    },
    "done": false
  },
  "minecraft:recipes/transportation/acacia_boat": {
    "criteria": {
      "entered_water": "2021-10-27 12:28:27 +0300"
    },
    "done": true
  },
  "galacticraftcore:galacticraft/fill_tank": {
    "criteria": {
      "small_tank": "2021-10-27 12:38:50 +0300"
    },
    "done": true
  },
  "astralsorcery:root": {
    "criteria": {
      "astralsorcery_present": "2021-10-27 12:28:27 +0300"
    },
    "done": true
  },
  "galacticraftcore:galacticraft/root": {
    "criteria": {
      "tick": "2021-10-27 12:28:27 +0300"
    },
    "done": true
  },
  "minecraft:recipes/transportation/boat": {
    "criteria": {
      "entered_water": "2021-10-27 12:28:27 +0300"
    },
    "done": true
  },
  "minecraft:recipes/transportation/jungle_boat": {
    "criteria": {
      "entered_water": "2021-10-27 12:28:27 +0300"
    },
    "done": true
  },
  "mist:story/start": {
    "criteria": {
      "start": "2021-10-27 12:28:27 +0300"
    },
    "done": true
  },
  "minecraft:recipes/transportation/spruce_boat": {
    "criteria": {
      "entered_water": "2021-10-27 12:28:27 +0300"
    },
    "done": true
  },
  "minecraft:adventure/adventuring_time": {
    "criteria": {
      "forest": "2021-10-27 12:28:27 +0300",
      "beaches": "2021-10-27 12:29:00 +0300",
      "plains": "2021-10-27 12:30:12 +0300"
    },
    "done": false
  },
  "mist:story/root": {
    "criteria": {
      "root": "2021-10-27 12:28:27 +0300"
    },
    "done": true
  }
}