{
  "galacticraftcore:galacticraft/key_t1": {
    "criteria": {
      "got_key": "2021-10-27 14:12:50 +0300"
    },
    "done": true
  },
  "galacticraftcore:galacticraft/moon_buggy": {
    "criteria": {
      "got_buggy": "2021-10-27 14:12:50 +0300"
    },
    "done": true
  },
  "astralsorcery:find_minor_constellation": {
    "criteria": {
      "minor_constellation_discovered": "2021-10-27 13:51:33 +0300"
    },
    "done": true
  },
  "minecraft:adventure/kill_a_mob": {
    "criteria": {
      "zombie": "2021-10-27 13:18:22 +0300"
    },
    "done": true
  },
  "minecraft:adventure/kill_all_mobs": {
    "criteria": {
      "zombie": "2021-10-27 13:18:22 +0300"
    },
    "done": false
  },
  "minecraft:recipes/misc/paper": {
    "criteria": {
      "has_reeds": "2021-10-27 13:18:19 +0300"
    },
    "done": true
  },
  "galacticraftcore:galacticraft/moon": {
    "criteria": {
      "traveled_to_moon": "2021-10-27 14:12:50 +0300"
    },
    "done": true
  },
  "galacticraftcore:galacticraft/moon_dungeon": {
    "criteria": {
      "found_boss": "2021-10-27 14:12:50 +0300"
    },
    "done": true
  },
  "minecraft:recipes/misc/sugar": {
    "criteria": {
      "has_reeds": "2021-10-27 13:18:19 +0300"
    },
    "done": true
  },
  "astralsorcery:find_weak_constellation": {
    "criteria": {
      "weak_constellation_discovered": "2021-10-27 13:51:33 +0300"
    },
    "done": true
  },
  "astralsorcery:find_constellation": {
    "criteria": {
      "bright_constellation_discovered": "2021-10-27 13:51:33 +0300"
    },
    "done": true
  },
  "astralsorcery:root": {
    "criteria": {
      "astralsorcery_present": "2021-10-27 13:16:04 +0300"
    },
    "done": true
  },
  "mist:story/start": {
    "criteria": {
      "start": "2021-10-27 13:16:04 +0300"
    },
    "done": true
  },
  "mist:recipes/items/clay_ball_gray": {
    "criteria": {
      "has_item": "2021-10-27 13:18:19 +0300"
    },
    "done": true
  },
  "minecraft:adventure/adventuring_time": {
    "criteria": {
      "beaches": "2021-10-27 13:16:04 +0300",
      "plains": "2021-10-27 13:18:19 +0300"
    },
    "done": false
  },
  "minecraft:recipes/food/cookie": {
    "criteria": {
      "has_cocoa": "2021-10-27 13:18:19 +0300"
    },
    "done": true
  },
  "minecraft:recipes/decorations/chest": {
    "criteria": {
      "has_lots_of_items": "2021-10-27 13:18:19 +0300"
    },
    "done": true
  },
  "galacticraftcore:galacticraft/spin_thruster": {
    "criteria": {
      "spin_thruster": "2021-10-27 14:12:50 +0300"
    },
    "done": true
  },
  "galacticraftcore:galacticraft/create_space_station": {
    "criteria": {
      "create_space_station": "2021-10-27 14:12:50 +0300"
    },
    "done": true
  },
  "galacticraftcore:galacticraft/root": {
    "criteria": {
      "tick": "2021-10-27 13:16:04 +0300"
    },
    "done": true
  },
  "galacticraftcore:galacticraft/moon_buggy_schematic": {
    "criteria": {
      "got_schematic": "2021-10-27 14:12:50 +0300"
    },
    "done": true
  },
  "minecraft:adventure/root": {
    "criteria": {
      "killed_something": "2021-10-27 13:18:22 +0300"
    },
    "done": true
  },
  "astralsorcery:attune_self": {
    "criteria": {
      "attune_self_major": "2021-10-27 13:53:26 +0300"
    },
    "done": true
  },
  "minecraft:nether/create_full_beacon": {
    "criteria": {
      "beacon": "2021-10-27 13:16:12 +0300"
    },
    "done": true
  },
  "mist:story/root": {
    "criteria": {
      "root": "2021-10-27 13:16:04 +0300"
    },
    "done": true
  }
}